Date,Open,High,Low,Close
2024-01-04,2391.92,2409.73,2384.48,2408.51
2024-01-05,2406.9,2412.9,2380.15,2384.67
2024-01-08,2385.45,2404.36,2374.4,2403.76
2024-01-09,2406.58,2434.76,2397.02,2427.57
2024-01-10,2431.02,2435.83,2376.08,2381.42
2024-01-11,2385.2,2387.27,2350.27,2351.6
2024-01-12,2349.96,2357.24,2339.43,2355.78
2024-01-15,2353.6,2361.9,2345.81,2349.51
2024-01-16,2353.54,2355.95,2337.08,2350.29
2024-01-17,2349.39,2362.43,2328.04,2331.42
2024-01-18,2325.47,2361.29,2323.75,2353.08
2024-01-19,2347.75,2377.5,2336.04,2372.56
2024-01-22,2368.2,2383.74,2366.02,2375.32
2024-01-23,2377.68,2403.61,2375.12,2403.28
2024-01-24,2403.96,2429.61,2395.32,2415.72
2024-01-25,2419.05,2426.05,2383.59,2396.17
2024-01-26,2394.12,2417.5,2391.3,2406.2
2024-01-29,2406.96,2408.16,2379.89,2384.33
2024-01-30,2387.31,2413.49,2376.18,2406.47
2024-01-31,2404.98,2413.55,2390.96,2406.47
2024-02-01,2408.67,2422.22,2396.0,2403.22
2024-02-02,2400.04,2408.28,2386.0,2388.06
2024-02-05,2386.33,2425.32,2386.13,2418.45
2024-02-06,2416.6,2420.47,2412.59,2415.92
2024-02-07,2410.14,2414.94,2404.88,2406.78
2024-02-08,2409.13,2416.65,2389.75,2399.51
2024-02-09,2397.26,2419.84,2395.51,2413.48
2024-02-12,2413.54,2423.82,2406.21,2423.51
2024-02-13,2425.84,2446.79,2415.73,2434.72
2024-02-14,2436.9,2459.59,2428.4,2446.43
2024-02-15,2449.69,2502.15,2446.75,2500.05
2024-02-16,2499.56,2507.86,2479.12,2491.14
2024-02-19,2489.03,2490.65,2468.98,2479.62
2024-02-20,2479.23,2489.23,2449.77,2460.68
2024-02-21,2452.38,2481.25,2450.45,2477.07
2024-02-22,2469.9,2516.19,2468.07,2506.28
2024-02-23,2499.64,2515.6,2485.73,2504.67
2024-02-26,2499.68,2511.21,2478.95,2484.88
2024-02-27,2486.87,2488.48,2461.18,2465.64
2024-02-28,2461.17,2496.56,2453.96,2482.91
2024-02-29,2481.03,2506.06,2471.17,2502.61
2024-03-01,2509.11,2518.02,2494.72,2517.45
2024-03-04,2515.66,2524.03,2497.66,2501.96
2024-03-05,2505.65,2514.6,2491.74,2509.02
2024-03-06,2504.33,2525.71,2503.96,2513.2
2024-03-07,2512.16,2532.17,2503.8,2519.95
2024-03-08,2515.16,2548.01,2505.59,2543.17
2024-03-11,2541.45,2564.71,2539.83,2550.13
2024-03-12,2554.41,2573.2,2552.26,2568.72
2024-03-13,2559.84,2579.68,2553.4,2571.74
2024-03-14,2573.97,2584.42,2559.05,2580.46
2024-03-15,2581.68,2612.63,2572.45,2598.04
2024-03-18,2594.95,2597.51,2547.14,2561.48
2024-03-19,2554.07,2555.26,2541.74,2554.57
2024-03-20,2554.94,2561.61,2536.7,2543.83
2024-03-21,2541.14,2556.27,2516.95,2528.85
2024-03-22,2530.03,2543.57,2522.89,2523.16
2024-03-25,2523.27,2573.65,2521.62,2562.14
2024-03-26,2570.35,2584.09,2528.59,2541.24
2024-03-27,2540.02,2580.88,2527.88,2567.11
